,PhoneNumber,Pincode
0, , 
1, , 
2, , 
3, , 
4, , 
5, , 
6, , 
7, , 
8, , 
9, , 
10, , 
11, , 
12, , 
13, , 
14, , 
15, , 
16, , 
17, , 
18, , 
19, , 
20, , 
21, , 
22, , 
23, , 
24, , 
25,['(257) 563-7401'], 
26,['(372) 587-2335'], 
27,['(786) 713-8616'],['NH 11523']
28,['(793) 151-6230'], 
29,['(492) 709-6392'],['MI 47096']
30,['(654) 393-5734'],['PA 10855']
31,['(404) 960-3807'], 
32,['(314) 244-6306'],['KY 12482']
33,['(947) 278-5929'],['MI 67708']
34,['(684) 579-1879'],['MN 98804']
35,['(389) 737-2852'],['KY 69409']
36,['(660) 663-4518'], 
37,['(608) 265-2215'],['DE 38100']
38,['(959) 119-8364'], 
39,['(468) 353-2641'],['SC 49854']
40,['(248) 675-4007'], 
41,['(939) 353-1107'], 
42,['(570) 873-7090'],['ND 09289']
43,['(302) 259-2375'],['HI 93373']
44,['(717) 450-4729'],['GA 20783']
45,['(453) 391-4650'], 
46,['(559) 104-5475'], 
47,['(387) 142-9434'], 
48,['(516) 745-4496'], 
49,['(326) 677-3419'],['IN 93479']
50,['(746) 679-2470'],['FL 30309']
51,['(455) 430-0989'], 
52,['(490) 936-4694'], 
53,['(985) 834-8285'], 
54,['(662) 661-1446'], 
55,['(802) 668-8240'], 
56,['(477) 768-9247'], 
57,['(791) 239-9057'],['TN 31626']
58,['(832) 109-0213'], 
59,['(837) 196-3274'],['AZ 95302']
60,['(268) 442-2428'],['DC 29738']
61,['(850) 676-5117'],['VA 54886']
62,['(861) 546-5032'],['ID 77373']
63,['(176) 805-4108'], 
64,['(715) 912-6931'], 
65,['(993) 554-0563'], 
66,['(357) 616-5411'], 
67,['(121) 347-0086'],['CT 35282']
68,['(304) 506-6314'], 
69,['(425) 288-2332'],['AL 92508']
70,['(145) 987-4962'], 
71,['(187) 582-9707'],['AK 19408']
72,['(750) 558-3965'],['TN 08609']
73,['(492) 467-3131'], 
74,['(774) 914-2510'], 
75,['(888) 106-8550'], 
76,['(539) 567-3573'], 
77,['(693) 337-2849'],['LA 58520']
78,['(545) 604-9386'],['MO 57692']
79,['(221) 156-5026'],['GA 04645']
80,['(414) 876-0865'], 
81,['(932) 726-8645'], 
82,['(726) 710-9826'], 
83,['(622) 594-1662'], 
84,['(948) 600-8503'],['CT 87323']
85,['(605) 900-7508'], 
86,['(716) 977-5775'],['AL 41329']
87,['(368) 239-8275'],['CO 30135']
88,['(725) 342-0650'], 
89,['(711) 993-5187'], 
90,['(882) 399-5084'], 
91,['(287) 755-9948'],['SC 73490']
92,['(659) 551-3389'],['ID 63725']
93,['(275) 730-6868'],['RI 96892']
94,['(725) 757-4047'], 
95,['(314) 882-1496'],['TX 77987']
96,['(639) 360-7590'], 
97,['(168) 222-1592'],['VT 40684']
98,['(896) 303-1164'], 
99,['(203) 982-6130'],['KY 50710']
100,['(906) 217-1470'],['NJ 66309']
101,['(614) 514-1269'], 
102,['(763) 409-5446'], 
103,['(836) 292-5324'], 
104,['(926) 709-3295'],['CO 06963']
105,['(963) 356-9268'],['TN 07367']
106,['(736) 522-8584'], 
107,['(410) 483-0352'],['KS 73510']
108,['(252) 204-1434'], 
109,['(874) 886-4174'],['NY 48247']
110,['(581) 379-7573'],['NV 12657']
111,['(983) 632-8597'],['NH 56618']
112,['(295) 983-3476'], 
113,['(873) 392-8802'],['WI 97020']
114,['(360) 669-3923'],['RI 93490']
115,['(840) 987-9449'],['OR 62401']
116,['(422) 517-6053'],['OR 05182']
117,['(126) 940-2753'], 
118,['(427) 930-5255'], 
119,['(689) 721-5145'],['MT 88317']
120,['(676) 334-2174'],['NC 36734']
121,['(437) 994-5270'], 
122,['(564) 908-6970'], 
123,['(577) 333-6244'],['TN 07528']
124,['(655) 840-6139'],['WA 48580']
125, , 
126, , 
